{"topic":0,"termIndices":[41,63,183,73,213,64,437,509,13,1394,1112,1516,1560,1696,12,1182,75,1311,1493,128,367,1855,1920,2149,1748,2656,3,1993,3062,624,2281,149,165,3411,2735,3077,2708,2082,2698,2143,1405,2261,1263,3595,3851,159,3876,4112,2982,335],"termWeights":[0.07182983863255063,0.07061897589334565,0.03569892142002997,0.013604266725769323,0.011712891490598188,0.010062230693442484,0.009404863212699545,0.008791274591781887,0.006565664009483009,0.006509570121068648,0.006283551806168048,0.005976856725598921,0.005535076039662731,0.005278628201471998,0.005224829278400975,0.005187757153606966,0.004713620310121969,0.00464888078980966,0.004514978259484106,0.004485710286498425,0.004101951803830548,0.003968334562413818,0.0038816281813157565,0.003796714252957942,0.0034377571560677616,0.003388999453516761,0.0032342914198104544,0.0031684433781796043,0.0031508123463260943,0.0031169110625092742,0.0030180719673118966,0.002881571999075848,0.0028364101197158047,0.0028074327365040386,0.0027754008854648372,0.0027221326087075635,0.002577385727231741,0.0025144933146964334,0.0025019983987190695,0.002430439497661284,0.002379933126545287,0.0023674050620873617,0.0023619767062692,0.0023366275701897214,0.0023000992742713807,0.0022858487594038983,0.0022649889275758255,0.002168587303860446,0.002155592159528028,0.0020775900140044172]}
{"topic":1,"termIndices":[9,106,12,13,227,23,2,189,398,65,258,171,404,18,3,49,63,7,989,105,595,782,387,39,78,52,218,425,50,157,513,43,44,980,213,11,305,103,1222,145,451,275,16,29,1,1238,567,47,745,74],"termWeights":[0.0066426155901144635,0.006593839537608912,0.0052155514428090625,0.0038493355453312083,0.003226729741157048,0.003129850275549935,0.002802889306444952,0.0027599154377153175,0.0026853094592439817,0.0026664683820999415,0.0025905805650181905,0.0025846047528124316,0.002522515866964765,0.002332065012987058,0.002242751246527873,0.0021813314878327606,0.002137707705108895,0.0020147661565198013,0.0019907624236076586,0.001989904561838276,0.0018983367107551032,0.0018737833240420787,0.0018250588375603686,0.001823190618697876,0.00180924375186219,0.0017883540609517107,0.0017292601114841303,0.0017273490484672911,0.001706099946677981,0.0016760369426120168,0.0016213923384952066,0.001619196280089628,0.0015772442794370631,0.0015255604385030876,0.001443670748255937,0.0014109655447637265,0.0014062190498560026,0.0013684560626664175,0.0013592991707962973,0.0013559573574601332,0.0012721742039965612,0.0012555076479995471,0.0012517804284694076,0.00121489964469652,0.001201261293139916,0.0011992955483142319,0.0011843161908051114,0.0011472496257860332,0.0011389415051053493,0.0011292748057477793]}
{"topic":2,"termIndices":[9,88,91,250,278,285,381,447,495,149,563,510,534,690,773,634,880,839,1001,1005,959,1172,1217,1170,1035,1420,1290,1410,1049,1547,1580,106,883,1377,1811,1868,410,1978,1989,333,543,1842,1722,335,1856,2183,2193,1931,2206,2126],"termWeights":[0.05297343772463812,0.033506293961553996,0.031717374842760486,0.018954704390877552,0.017807175646214035,0.015616201812056574,0.014206435072528644,0.012470267525364108,0.011753380397343383,0.011717508672464154,0.010169857398659507,0.010150636136025057,0.009271141342708174,0.008766076243784572,0.0075602347588243505,0.007472746502016652,0.006622662966056869,0.006152742550527677,0.006062925606080527,0.0060442022305242215,0.005140006917653405,0.005094592794835735,0.005020092723386617,0.005009378657206877,0.004396338753426052,0.0041739424588421595,0.004061281909899783,0.0038127753983887144,0.003788786156705449,0.003727042251831134,0.0034213421565860245,0.0033633353492590495,0.0033426191926740406,0.0033177827008826913,0.003124957886919325,0.0031026313489297902,0.003039038016887097,0.0029190393728319706,0.002911081559158085,0.002876994812708836,0.00280755277121851,0.002758647957298635,0.002740462537862531,0.002732516389677938,0.0026820431947621962,0.0025219640233098274,0.0025104429539968974,0.0024883044272958513,0.002486876863325317,0.002375496560094429]}
{"topic":3,"termIndices":[102,64,73,58,44,237,153,75,345,282,263,892,306,9,577,553,509,849,464,183,77,995,1971,1951,1683,333,199,16,558,1584,1357,2187,1326,3770,3942,2787,1609,984,814,732,2040,2490,3751,4755,847,5045,437,505,4431,154],"termWeights":[0.05650835724320886,0.04449727877152348,0.043949037878013644,0.038037539944213855,0.030100383836307962,0.029308491969009035,0.028444401447324377,0.023267310227453483,0.02253696702816257,0.02197374873566221,0.019221878720933165,0.010971283476116322,0.01006237960033328,0.009986400828173677,0.009553887530192587,0.008499448547787948,0.007068029606496677,0.0061483361142001145,0.006129058175974124,0.0055064013408647255,0.00523957466557732,0.004773733322093208,0.004612162888444532,0.004515303541309501,0.0041510807418833505,0.004143551739970195,0.003340784868300666,0.0030606222851451313,0.0029909898593104087,0.002851614345454945,0.002571712243301178,0.0025640759886787316,0.0022536327147267554,0.0020663367246474907,0.0020144525661885634,0.0019717984821856402,0.0019461500420638374,0.0019302900254384071,0.0019262145174905921,0.001921843802486817,0.0017876687537063925,0.0017411859701160703,0.0017314782680532402,0.0017012080410162248,0.0016443005524175876,0.0016126442005809849,0.0015873991639366633,0.0015015247015614797,0.001487350294522188,0.0014840708094462098]}
{"topic":4,"termIndices":[0,1,2,3,4,6,5,10,7,11,14,15,17,19,20,16,21,18,22,26,24,25,28,27,13,12,31,29,33,34,32,30,40,36,38,37,39,47,46,51,48,53,55,43,35,42,57,49,56,59],"termWeights":[0.0093333348001656,0.0070062751357429605,0.006561737375237546,0.0059431520373689406,0.005594165736021254,0.004760405377542199,0.004630715253509292,0.00394691913015922,0.0038891506072548537,0.0038333512998367076,0.003693001708354584,0.0036102061337922237,0.0034680924193825798,0.003377032345077523,0.0032536527838360526,0.0031654229713318485,0.003131314636946154,0.0031254664442406915,0.003110377474759436,0.0030517444764743278,0.003045258322277263,0.0029909722143182348,0.0029885773151333054,0.0029458784450281483,0.0027840720952696037,0.002726043805402049,0.00268505438638235,0.0026593377228717693,0.0026212295520992466,0.0024583681348210548,0.0024148398921439323,0.0024060664707433806,0.002402972882367899,0.0023867213862696665,0.0023383770768181044,0.002304182182179076,0.00212223446253881,0.002121384720437596,0.002111315727246563,0.0021090775247591146,0.0020839903873877573,0.0020202835534436844,0.0019948812556924225,0.001984136767614681,0.001955695508657413,0.001943256321462398,0.0019210240566976398,0.001902190837299456,0.001891513867528588,0.0018899198719299246]}
{"topic":5,"termIndices":[9,372,30,374,508,829,273,1466,123,284,131,0,860,219,2244,2843,266,1216,6762,6761,388,2,5,1052,908,204,37,65,354,111,488,2701,231,3744,875,3850,458,162,1502,1241,1866,659,859,2044,1075,105,43,992,39,1681],"termWeights":[0.04002716421372684,0.017407172311344886,0.012254691259429911,0.010003415062017735,0.009219791826219422,0.0077379592976408885,0.007707574567257772,0.007196655602931579,0.0064973235822368925,0.006239650122427069,0.005981990165493816,0.0057505092161284545,0.005741629373434528,0.005304203143734876,0.0048704094987327366,0.004678968371284986,0.0045383715718206675,0.00445923898690395,0.00417828943222455,0.004178282546922743,0.0041169483469277,0.004050790809981846,0.004047755877240907,0.003930944865697577,0.0038758386215088313,0.0038535542034515563,0.0037821763949922897,0.003770881960411495,0.0036715867446999533,0.003647902049040359,0.0036345735984395795,0.0035768125946017424,0.0035728171102113837,0.0035475607947030373,0.003486690809451341,0.003406488139673311,0.0034045249287657517,0.0033905156464626674,0.0033879101747632734,0.00334105402329334,0.003324266811038856,0.003272056103692317,0.003255874182102862,0.0032353112143669064,0.003231244790443858,0.003216551455766889,0.003204818288318977,0.003175955112081354,0.0031584753895037543,0.003126917633833739]}
{"topic":6,